<?xml version="1.0" encoding="UTF-8"?>
<project-private xmlns="http://www.netbeans.org/ns/project-private/1">
    <editor-bookmarks xmlns="http://www.netbeans.org/ns/editor-bookmarks/2" lastBookmarkId="0"/>
    <open-files xmlns="http://www.netbeans.org/ns/projectui-open-files/2">
        <group>
            <file>file:/C:/Users/HP/Documents/NetBeansProjects/OOP_Project/src/oop_project/EmergencySituationMangerController.java</file>
            <file>file:/C:/Users/HP/Documents/NetBeansProjects/OOP_Project/src/oop_project/MedicalTeam.java</file>
            <file>file:/C:/Users/HP/Documents/NetBeansProjects/OOP_Project/src/oop_project/MedicalTeamController.java</file>
            <file>file:/C:/Users/HP/Documents/NetBeansProjects/OOP_Project/src/oop_project/AirSectionController.java</file>
            <file>file:/C:/Users/HP/Documents/NetBeansProjects/OOP_Project/src/oop_project/AppendableObjectOutputStream.java</file>
            <file>file:/C:/Users/HP/Documents/NetBeansProjects/OOP_Project/src/oop_project/GraphforEmergencyController.java</file>
            <file>file:/C:/Users/HP/Documents/NetBeansProjects/OOP_Project/src/oop_project/oos.java</file>
            <file>file:/C:/Users/HP/Documents/NetBeansProjects/OOP_Project/src/oop_project/Airsection.java</file>
            <file>file:/C:/Users/HP/Documents/NetBeansProjects/OOP_Project/src/oop_project/IT_team.java</file>
            <file>file:/C:/Users/HP/Documents/NetBeansProjects/OOP_Project/src/oop_project/CommandoUnit.java</file>
            <file>file:/C:/Users/HP/Documents/NetBeansProjects/OOP_Project/src/oop_project/SpecialUnitManagerController.java</file>
            <file>file:/C:/Users/HP/Documents/NetBeansProjects/OOP_Project/src/oop_project/DogUnitController.java</file>
            <file>file:/C:/Users/HP/Documents/NetBeansProjects/OOP_Project/src/oop_project/Electrical_EngineerController.java</file>
            <file>file:/C:/Users/HP/Documents/NetBeansProjects/OOP_Project/src/oop_project/DogUnit.java</file>
            <file>file:/C:/Users/HP/Documents/NetBeansProjects/OOP_Project/src/oop_project/SpecialUnit.java</file>
            <file>file:/C:/Users/HP/Documents/NetBeansProjects/OOP_Project/src/oop_project/GraphicalratioforEmergency.java</file>
            <file>file:/C:/Users/HP/Documents/NetBeansProjects/OOP_Project/src/oop_project/Electrical_team.java</file>
            <file>file:/C:/Users/HP/Documents/NetBeansProjects/OOP_Project/src/oop_project/CommonDashBoardSceneController.java</file>
            <file>file:/C:/Users/HP/Documents/NetBeansProjects/OOP_Project/src/oop_project/EmergencyManager.java</file>
            <file>file:/C:/Users/HP/Documents/NetBeansProjects/OOP_Project/src/oop_project/SpecialPolice.java</file>
            <file>file:/C:/Users/HP/Documents/NetBeansProjects/OOP_Project/src/oop_project/IT_EngineerController.java</file>
            <file>file:/C:/Users/HP/Documents/NetBeansProjects/OOP_Project/src/oop_project/CommandoUnitController.java</file>
            <file>file:/C:/Users/HP/Documents/NetBeansProjects/OOP_Project/src/oop_project/SpecialPoliceController.java</file>
            <file>file:/C:/Users/HP/Documents/NetBeansProjects/OOP_Project/src/oop_project/OOP_Project.java</file>
        </group>
    </open-files>
</project-private>
